id;comment
da819320-75e3-4bbe-9e0d-da146acb3de8;Delaware South
7b32ef38-3c4b-4bdb-b925-bad7bc764d56;port
52105bdf-cfc1-4ee7-8aa0-f7e08720a6b0;Intelligent District
9239f2d5-723b-4125-9a6f-af8e549fdc1b;Chips Republic payment
254be366-b8c5-439b-9168-dbaa1d10aabb;plum
22b3307f-17c9-472a-bc81-dad999030082;Wyoming product bypass
9617460d-2e11-40c7-9135-80f7bf34568c;Florida driver Brook
707b7820-e9e2-4c32-ace8-53b6443f129e;moratorium Idaho
a2c1447f-5dfb-4e0e-9308-24a3ab143b64;Moldova
a8c3c1bf-00e7-49f5-b04a-96522ddc9473;Keyboard
